{
	"ingredient": {
		"type": "item",
		"code": "game:ingot-*",
		"name": "metal",
		"allowedvariants": [ "copper", "brass", "tinbronze", "bismuthbronze", "blackbronze", "silver", "gold" ]
	},
	"pattern": [
		[
			"_______#__",
			"__#___#_#_",
			"_###_#___#",
			"__#__#___#",
			"_#_#__#_#_",
			"#___#__#__",
			"#___#_###_",
			"_#_#___#__",
			"__#_______"
		]
	],
	"name": "2 Necklaces",
	"output": {
		"type": "item",
		"code": "clothes-neck-necklace-{metal}",
		"stacksize": 2
	}
}