{
	"ingredient": {
		"type": "item",
		"code": "game:ingot-*",
		"name": "metal",
		"allowedvariants": [ "copper", "brass", "tinbronze", "bismuthbronze", "blackbronze", "silver", "gold" ]
	},
	"pattern": [
		[
			"____#____",
			"___#_#___",
			"_#__#__#_",
			"#_#___#_#",
			"_#__#__#_",
			"___#_#___",
			"_#__#__#_",
			"#_#___#_#",
			"_#_____#_"
		]
	],
	"name": "6 Rings",
	"output": {
		"type": "item",
		"code": "game:clothes-hand-ring-{metal}",
		"stacksize": 6
	}
}