[
	{
		"code": "sapphire",
		"triesPerChunk": 64,
		"withOreMap": true,
		"handbookPageCode": "item-gem-sapphire-rough",
		"generator": "disc-followsealevel",
		"attributes": {
			"inblock": {
				"code": "rock-*",
				"name": "rock",
				"allowedVariants": [ "basalt", "slate" ]
			},
			"placeblock": {
				"code": "ore-*-sapphire-{rock}",
				"name": "potential",
				"allowedVariants": [ "low", "medium", "high" ]
			},
			"radius": {
				"dist": "gaussian",
				"avg": 1,
				"var": 0.5
			},
			"yPosRel": {
				"dist": "uniform",
				"avg": 0.1,
				"var": 0.13
			},
			"thickness": {
				"dist": "uniform",
				"avg": 1,
				"var": 0
			}
		}
	}
]