[
  {
    "op": "add",
    "path": "/attributesByType/*ring",
    "value": {
      "clothescategory": "hand",
      "warmth": 0
    },
    "file": "itemtypes/wearable/hand.json"
  },
  {
    "op": "add",
    "path": "/texturesByType/*-ring-bismuthbronze*",
    "value": {
      "seraph": {
        "base": "entity/humanoid/seraphclothes/hand/rings-plain/bismuthbronze"
      }
    },
    "file": "itemtypes/wearable/hand.json"
  },
  {
    "op": "add",
    "path": "/texturesByType/*-ring-blackbronze*",
    "value": {
      "seraph": {
        "base": "entity/humanoid/seraphclothes/hand/rings-plain/blackbronze"
      }
    },
    "file": "itemtypes/wearable/hand.json"
  },
  {
    "op": "add",
    "path": "/texturesByType/*-ring-brass*",
    "value": {
      "seraph": {
        "base": "entity/humanoid/seraphclothes/hand/rings-plain/brass"
      }
    },
    "file": "itemtypes/wearable/hand.json"
  },
  {
    "op": "add",
    "path": "/texturesByType/*-ring-copper*",
    "value": {
      "seraph": {
        "base": "entity/humanoid/seraphclothes/hand/rings-plain/copper"
      }
    },
    "file": "itemtypes/wearable/hand.json"
  },
  {
    "op": "add",
    "path": "/texturesByType/*-ring-gold*",
    "value": {
      "seraph": {
        "base": "entity/humanoid/seraphclothes/hand/rings-plain/gold"
      }
    },
    "file": "itemtypes/wearable/hand.json"
  },
  {
    "op": "add",
    "path": "/texturesByType/*-ring-silver*",
    "value": {
      "seraph": {
        "base": "entity/humanoid/seraphclothes/hand/rings-plain/silver"
      }
    },
    "file": "itemtypes/wearable/hand.json"
  },
  {
    "op": "add",
    "path": "/texturesByType/*-ring-tinbronze*",
    "value": {
      "seraph": {
        "base": "entity/humanoid/seraphclothes/hand/rings-plain/tinbronze"
      }
    },
    "file": "itemtypes/wearable/hand.json"
  },
  {
    "op": "add",
    "path": "/variantgroups/1/states/13",
    "value": "ring-copper",
    "file": "itemtypes/wearable/hand.json"
  },
  {
    "op": "add",
    "path": "/variantgroups/1/states/14",
    "value": "ring-brass",
    "file": "itemtypes/wearable/hand.json"
  },
  {
    "op": "add",
    "path": "/variantgroups/1/states/15",
    "value": "ring-tinbronze",
    "file": "itemtypes/wearable/hand.json"
  },
  {
    "op": "add",
    "path": "/variantgroups/1/states/16",
    "value": "ring-blackbronze",
    "file": "itemtypes/wearable/hand.json"
  },
  {
    "op": "add",
    "path": "/variantgroups/1/states/17",
    "value": "ring-bismuthbronze",
    "file": "itemtypes/wearable/hand.json"
  },
  {
    "op": "add",
    "path": "/variantgroups/1/states/18",
    "value": "ring-silver",
    "file": "itemtypes/wearable/hand.json"
  },
  {
    "op": "add",
    "path": "/variantgroups/1/states/19",
    "value": "ring-gold",
    "file": "itemtypes/wearable/hand.json"
  },
  {
    "op": "add",
    "path": "/variantgroups/1/states/20",
    "value": "ring-copper-ruby",
    "file": "itemtypes/wearable/hand.json"
  },
  {
    "op": "add",
    "path": "/variantgroups/1/states/21",
    "value": "ring-brass-ruby",
    "file": "itemtypes/wearable/hand.json"
  },
  {
    "op": "add",
    "path": "/variantgroups/1/states/22",
    "value": "ring-tinbronze-ruby",
    "file": "itemtypes/wearable/hand.json"
  },
  {
    "op": "add",
    "path": "/variantgroups/1/states/23",
    "value": "ring-blackbronze-ruby",
    "file": "itemtypes/wearable/hand.json"
  },
  {
    "op": "add",
    "path": "/variantgroups/1/states/24",
    "value": "ring-bismuthbronze-ruby",
    "file": "itemtypes/wearable/hand.json"
  },
  {
    "op": "add",
    "path": "/variantgroups/1/states/25",
    "value": "ring-silver-ruby",
    "file": "itemtypes/wearable/hand.json"
  },
  {
    "op": "add",
    "path": "/variantgroups/1/states/26",
    "value": "ring-gold-ruby",
    "file": "itemtypes/wearable/hand.json"
  },
  {
    "op": "add",
    "path": "/variantgroups/1/states/27",
    "value": "ring-copper-sapphire",
    "file": "itemtypes/wearable/hand.json"
  },
  {
    "op": "add",
    "path": "/variantgroups/1/states/28",
    "value": "ring-brass-sapphire",
    "file": "itemtypes/wearable/hand.json"
  },
  {
    "op": "add",
    "path": "/variantgroups/1/states/29",
    "value": "ring-tinbronze-sapphire",
    "file": "itemtypes/wearable/hand.json"
  },
  {
    "op": "add",
    "path": "/variantgroups/1/states/30",
    "value": "ring-blackbronze-sapphire",
    "file": "itemtypes/wearable/hand.json"
  },
  {
    "op": "add",
    "path": "/variantgroups/1/states/31",
    "value": "ring-bismuthbronze-sapphire",
    "file": "itemtypes/wearable/hand.json"
  },
  {
    "op": "add",
    "path": "/variantgroups/1/states/32",
    "value": "ring-silver-sapphire",
    "file": "itemtypes/wearable/hand.json"
  },
  {
    "op": "add",
    "path": "/variantgroups/1/states/33",
    "value": "ring-gold-sapphire",
    "file": "itemtypes/wearable/hand.json"
  },
  {
    "op": "add",
    "path": "/variantgroups/1/states/34",
    "value": "ring-copper-diamond",
    "file": "itemtypes/wearable/hand.json"
  },
  {
    "op": "add",
    "path": "/variantgroups/1/states/35",
    "value": "ring-brass-diamond",
    "file": "itemtypes/wearable/hand.json"
  },
  {
    "op": "add",
    "path": "/variantgroups/1/states/36",
    "value": "ring-tinbronze-diamond",
    "file": "itemtypes/wearable/hand.json"
  },
  {
    "op": "add",
    "path": "/variantgroups/1/states/37",
    "value": "ring-blackbronze-diamond",
    "file": "itemtypes/wearable/hand.json"
  },
  {
    "op": "add",
    "path": "/variantgroups/1/states/38",
    "value": "ring-bismuthbronze-diamond",
    "file": "itemtypes/wearable/hand.json"
  },
  {
    "op": "add",
    "path": "/variantgroups/1/states/39",
    "value": "ring-silver-diamond",
    "file": "itemtypes/wearable/hand.json"
  },
  {
    "op": "add",
    "path": "/variantgroups/1/states/40",
    "value": "ring-gold-diamond",
    "file": "itemtypes/wearable/hand.json"
  },
  {
    "op": "add",
    "path": "/variantgroups/1/states/41",
    "value": "ring-copper-emerald",
    "file": "itemtypes/wearable/hand.json"
  },
  {
    "op": "add",
    "path": "/variantgroups/1/states/42",
    "value": "ring-brass-emerald",
    "file": "itemtypes/wearable/hand.json"
  },
  {
    "op": "add",
    "path": "/variantgroups/1/states/43",
    "value": "ring-tinbronze-emerald",
    "file": "itemtypes/wearable/hand.json"
  },
  {
    "op": "add",
    "path": "/variantgroups/1/states/44",
    "value": "ring-blackbronze-emerald",
    "file": "itemtypes/wearable/hand.json"
  },
  {
    "op": "add",
    "path": "/variantgroups/1/states/45",
    "value": "ring-bismuthbronze-emerald",
    "file": "itemtypes/wearable/hand.json"
  },
  {
    "op": "add",
    "path": "/variantgroups/1/states/46",
    "value": "ring-silver-emerald",
    "file": "itemtypes/wearable/hand.json"
  },
  {
    "op": "add",
    "path": "/variantgroups/1/states/47",
    "value": "ring-gold-emerald",
    "file": "itemtypes/wearable/hand.json"
  },
  {
    "op": "add",
    "path": "/variantgroups/1/states/48",
    "value": "ring-copper-peridot",
    "file": "itemtypes/wearable/hand.json"
  },
  {
    "op": "add",
    "path": "/variantgroups/1/states/49",
    "value": "ring-brass-peridot",
    "file": "itemtypes/wearable/hand.json"
  },
  {
    "op": "add",
    "path": "/variantgroups/1/states/50",
    "value": "ring-tinbronze-peridot",
    "file": "itemtypes/wearable/hand.json"
  },
  {
    "op": "add",
    "path": "/variantgroups/1/states/51",
    "value": "ring-blackbronze-peridot",
    "file": "itemtypes/wearable/hand.json"
  },
  {
    "op": "add",
    "path": "/variantgroups/1/states/52",
    "value": "ring-bismuthbronze-peridot",
    "file": "itemtypes/wearable/hand.json"
  },
  {
    "op": "add",
    "path": "/variantgroups/1/states/53",
    "value": "ring-silver-peridot",
    "file": "itemtypes/wearable/hand.json"
  },
  {
    "op": "add",
    "path": "/variantgroups/1/states/54",
    "value": "ring-gold-peridot",
    "file": "itemtypes/wearable/hand.json"
  }
]