[
  {
    "op": "remove",
    "path": "/shapeByType/@*",
    "file": "itemtypes/wearable/neck.json"
  },
  {
    "op": "add",
    "path": "/shapeByType/*",
    "value": {
      "base": "entity/humanoid/seraph/clothing/neck/{neck}"
    },
    "file": "itemtypes/wearable/neck.json"
  },
  {
    "op": "add",
    "path": "/texturesByType/*-necklace-bismuthbronze*",
    "value": {
      "seraph": {
        "base": "entity/humanoid/seraphclothes/neck/necklaces-plain/bismuthbronze"
      }
    },
    "file": "itemtypes/wearable/neck.json"
  },
  {
    "op": "add",
    "path": "/texturesByType/*-necklace-blackbronze*",
    "value": {
      "seraph": {
        "base": "entity/humanoid/seraphclothes/neck/necklaces-plain/blackbronze"
      }
    },
    "file": "itemtypes/wearable/neck.json"
  },
  {
    "op": "add",
    "path": "/texturesByType/*-necklace-brass*",
    "value": {
      "seraph": {
        "base": "entity/humanoid/seraphclothes/neck/necklaces-plain/brass"
      }
    },
    "file": "itemtypes/wearable/neck.json"
  },
  {
    "op": "add",
    "path": "/texturesByType/*-necklace-copper*",
    "value": {
      "seraph": {
        "base": "entity/humanoid/seraphclothes/neck/necklaces-plain/copper"
      }
    },
    "file": "itemtypes/wearable/neck.json"
  },
  {
    "op": "add",
    "path": "/texturesByType/*-necklace-gold*",
    "value": {
      "seraph": {
        "base": "entity/humanoid/seraphclothes/neck/necklaces-plain/gold"
      }
    },
    "file": "itemtypes/wearable/neck.json"
  },
  {
    "op": "add",
    "path": "/texturesByType/*-necklace-silver*",
    "value": {
      "seraph": {
        "base": "entity/humanoid/seraphclothes/neck/necklaces-plain/silver"
      }
    },
    "file": "itemtypes/wearable/neck.json"
  },
  {
    "op": "add",
    "path": "/texturesByType/*-necklace-tinbronze*",
    "value": {
      "seraph": {
        "base": "entity/humanoid/seraphclothes/neck/necklaces-plain/tinbronze"
      }
    },
    "file": "itemtypes/wearable/neck.json"
  },
  {
    "op": "add",
    "path": "/variantgroups/1/states/14",
    "value": "necklace-copper",
    "file": "itemtypes/wearable/neck.json"
  },
  {
    "op": "add",
    "path": "/variantgroups/1/states/15",
    "value": "necklace-brass",
    "file": "itemtypes/wearable/neck.json"
  },
  {
    "op": "add",
    "path": "/variantgroups/1/states/16",
    "value": "necklace-tinbronze",
    "file": "itemtypes/wearable/neck.json"
  },
  {
    "op": "add",
    "path": "/variantgroups/1/states/17",
    "value": "necklace-bismuthbronze",
    "file": "itemtypes/wearable/neck.json"
  },
  {
    "op": "add",
    "path": "/variantgroups/1/states/18",
    "value": "necklace-blackbronze",
    "file": "itemtypes/wearable/neck.json"
  },
  {
    "op": "add",
    "path": "/variantgroups/1/states/19",
    "value": "necklace-silver",
    "file": "itemtypes/wearable/neck.json"
  },
  {
    "op": "add",
    "path": "/variantgroups/1/states/20",
    "value": "necklace-gold",
    "file": "itemtypes/wearable/neck.json"
  },
  {
    "op": "add",
    "path": "/variantgroups/1/states/21",
    "value": "necklace-copper-ruby",
    "file": "itemtypes/wearable/neck.json"
  },
  {
    "op": "add",
    "path": "/variantgroups/1/states/22",
    "value": "necklace-brass-ruby",
    "file": "itemtypes/wearable/neck.json"
  },
  {
    "op": "add",
    "path": "/variantgroups/1/states/23",
    "value": "necklace-tinbronze-ruby",
    "file": "itemtypes/wearable/neck.json"
  },
  {
    "op": "add",
    "path": "/variantgroups/1/states/24",
    "value": "necklace-blackbronze-ruby",
    "file": "itemtypes/wearable/neck.json"
  },
  {
    "op": "add",
    "path": "/variantgroups/1/states/25",
    "value": "necklace-bismuthbronze-ruby",
    "file": "itemtypes/wearable/neck.json"
  },
  {
    "op": "add",
    "path": "/variantgroups/1/states/26",
    "value": "necklace-silver-ruby",
    "file": "itemtypes/wearable/neck.json"
  },
  {
    "op": "add",
    "path": "/variantgroups/1/states/27",
    "value": "necklace-gold-ruby",
    "file": "itemtypes/wearable/neck.json"
  },
  {
    "op": "add",
    "path": "/variantgroups/1/states/28",
    "value": "necklace-copper-sapphire",
    "file": "itemtypes/wearable/neck.json"
  },
  {
    "op": "add",
    "path": "/variantgroups/1/states/29",
    "value": "necklace-brass-sapphire",
    "file": "itemtypes/wearable/neck.json"
  },
  {
    "op": "add",
    "path": "/variantgroups/1/states/30",
    "value": "necklace-tinbronze-sapphire",
    "file": "itemtypes/wearable/neck.json"
  },
  {
    "op": "add",
    "path": "/variantgroups/1/states/31",
    "value": "necklace-blackbronze-sapphire",
    "file": "itemtypes/wearable/neck.json"
  },
  {
    "op": "add",
    "path": "/variantgroups/1/states/32",
    "value": "necklace-bismuthbronze-sapphire",
    "file": "itemtypes/wearable/neck.json"
  },
  {
    "op": "add",
    "path": "/variantgroups/1/states/33",
    "value": "necklace-silver-sapphire",
    "file": "itemtypes/wearable/neck.json"
  },
  {
    "op": "add",
    "path": "/variantgroups/1/states/34",
    "value": "necklace-gold-sapphire",
    "file": "itemtypes/wearable/neck.json"
  },
  {
    "op": "add",
    "path": "/variantgroups/1/states/35",
    "value": "necklace-copper-diamond",
    "file": "itemtypes/wearable/neck.json"
  },
  {
    "op": "add",
    "path": "/variantgroups/1/states/36",
    "value": "necklace-brass-diamond",
    "file": "itemtypes/wearable/neck.json"
  },
  {
    "op": "add",
    "path": "/variantgroups/1/states/37",
    "value": "necklace-tinbronze-diamond",
    "file": "itemtypes/wearable/neck.json"
  },
  {
    "op": "add",
    "path": "/variantgroups/1/states/38",
    "value": "necklace-blackbronze-diamond",
    "file": "itemtypes/wearable/neck.json"
  },
  {
    "op": "add",
    "path": "/variantgroups/1/states/39",
    "value": "necklace-bismuthbronze-diamond",
    "file": "itemtypes/wearable/neck.json"
  },
  {
    "op": "add",
    "path": "/variantgroups/1/states/40",
    "value": "necklace-silver-diamond",
    "file": "itemtypes/wearable/neck.json"
  },
  {
    "op": "add",
    "path": "/variantgroups/1/states/41",
    "value": "necklace-gold-diamond",
    "file": "itemtypes/wearable/neck.json"
  },
  {
    "op": "add",
    "path": "/variantgroups/1/states/42",
    "value": "necklace-copper-emerald",
    "file": "itemtypes/wearable/neck.json"
  },
  {
    "op": "add",
    "path": "/variantgroups/1/states/43",
    "value": "necklace-brass-emerald",
    "file": "itemtypes/wearable/neck.json"
  },
  {
    "op": "add",
    "path": "/variantgroups/1/states/44",
    "value": "necklace-tinbronze-emerald",
    "file": "itemtypes/wearable/neck.json"
  },
  {
    "op": "add",
    "path": "/variantgroups/1/states/45",
    "value": "necklace-blackbronze-emerald",
    "file": "itemtypes/wearable/neck.json"
  },
  {
    "op": "add",
    "path": "/variantgroups/1/states/46",
    "value": "necklace-bismuthbronze-emerald",
    "file": "itemtypes/wearable/neck.json"
  },
  {
    "op": "add",
    "path": "/variantgroups/1/states/47",
    "value": "necklace-silver-emerald",
    "file": "itemtypes/wearable/neck.json"
  },
  {
    "op": "add",
    "path": "/variantgroups/1/states/48",
    "value": "necklace-gold-emerald",
    "file": "itemtypes/wearable/neck.json"
  },
  {
    "op": "add",
    "path": "/variantgroups/1/states/49",
    "value": "necklace-copper-peridot",
    "file": "itemtypes/wearable/neck.json"
  },
  {
    "op": "add",
    "path": "/variantgroups/1/states/50",
    "value": "necklace-brass-peridot",
    "file": "itemtypes/wearable/neck.json"
  },
  {
    "op": "add",
    "path": "/variantgroups/1/states/51",
    "value": "necklace-tinbronze-peridot",
    "file": "itemtypes/wearable/neck.json"
  },
  {
    "op": "add",
    "path": "/variantgroups/1/states/52",
    "value": "necklace-blackbronze-peridot",
    "file": "itemtypes/wearable/neck.json"
  },
  {
    "op": "add",
    "path": "/variantgroups/1/states/53",
    "value": "necklace-bismuthbronze-peridot",
    "file": "itemtypes/wearable/neck.json"
  },
  {
    "op": "add",
    "path": "/variantgroups/1/states/54",
    "value": "necklace-silver-peridot",
    "file": "itemtypes/wearable/neck.json"
  },
  {
    "op": "add",
    "path": "/variantgroups/1/states/55",
    "value": "necklace-gold-peridot",
    "file": "itemtypes/wearable/neck.json"
  }
]