{
	"code": "beetle",
	"class": "ItemCreature",
	"maxstacksize": 64,
	"variantgroups": [
		{
			"code": "type",
			"states": [ "beetle" ]
		},
		{
			"code": "style",
			"states":[ "ladybug" ]
		},
		{
			"code": "color",
			"states": [ "red", "orange", "yellow" ]
		}
	],

	"shape": { "base": "entity/land/{type}-{style}-{color}" },
	"texture": { "base": "entity/land/{type}-{style}-{color}" },

	"creativeinventory": { "general": ["*"], "items": ["*"], "creatures": ["*"] },
	"materialDensity": 600,

	"guiTransformByType": {
		
	},
	"tpHandTransformByType": {
		
	},
	"fpHandTransformByType": {
		
	},
	"groundTransformByType": {

	}
}