[
  {
    "op": "add",
    "path": "/shapeByType/*-beetle-*",
    "value": {
      "base": "mod:entity/land/beetle"
    },
    "file": "itemtypes/creature.json"
  },
  {
    "op": "add",
    "path": "/texturesByType/*-beetle-ladybug-orange",
    "value": {
      "beetle-ladybug-orange": {
        "base": "mod:entity/land/beetle-ladybug-orange"
      }
    },
    "file": "itemtypes/creature.json"
  },
  {
    "op": "add",
    "path": "/texturesByType/*-beetle-ladybug-red",
    "value": {
      "beetle-ladybug-red": {
        "base": "mod:entity/land/beetle-ladybug-red"
      }
    },
    "file": "itemtypes/creature.json"
  },
  {
    "op": "add",
    "path": "/texturesByType/*-beetle-ladybug-yellow",
    "value": {
      "beetle-ladybug-yellow": {
        "base": "mod:entity/land/beetle-ladybug-yellow"
      }
    },
    "file": "itemtypes/creature.json"
  },
  {
    "op": "add",
    "path": "/variantgroups/0/states/82",
    "value": "beetle-ladybug-red",
    "file": "itemtypes/creature.json"
  },
  {
    "op": "add",
    "path": "/variantgroups/0/states/83",
    "value": "beetle-ladybug-orange",
    "file": "itemtypes/creature.json"
  },
  {
    "op": "add",
    "path": "/variantgroups/0/states/84",
    "value": "beetle-ladybug-yellow",
    "file": "itemtypes/creature.json"
  }
]