{
	"code": "bracelet-jeweled",
	"class": "ItemWearable",
  "variantgroups": [
    {
      "code": "metal",
      "states": [ "copper", "brass", "tinbronze", "bismuthbronze", "blackbronze", "silver", "gold" ]
    },
    {
      "code": "gem",
      "states": [ "ruby", "sapphire", "emerald", "diamond" ]
    }
  ],
	"shape": {
		"base": "entity/humanoid/seraph/clothing/bracelet-jeweled"
	},
	"storageFlags": 128,
	"attributes": {
		"wearableAttachment": true,
		"clothescategory": "hand",
		"warmth": 0,
		"displaycaseable": true,
		"shelvable": true
	},
	"textures": {
		"metal": { "base": "game:block/metal/plate/{metal}" },
		"seraph": { "base": "game:block/transparent" }
	},
	"creativeinventory": {
		"general": [ "*" ],
		"items": [ "*" ],
		"clothing": [ "*" ]
	},
	"renderAlphaTest": 0.25,
	"fpHandTransform": {
		"translation": {
			"x": 0.6,
			"y": 0,
			"z": -0.5
		},
		"rotation": {
			"x": 180,
			"y": 42,
			"z": -29
		},
		"scale": 2.5
	},
	"tpHandTransform": {
		"translation": {
			"x": -0.9,
			"y": -1,
			"z": -1
		},
		"rotation": {
			"x": -13,
			"y": -64,
			"z": 49
		},
		"scale": 0.55
	},
	"guiTransform": {
		"rotate": false,
		"translation": {
			"x": 0,
			"y": 0,
			"z": 19
		},
		"rotation": {
			"x": 174,
			"y": -30,
			"z": 23
		},
		"origin": {
			"x": 0.52,
			"y": 0.78,
			"z": 0.5
		},
		"scale": 2.5
	},
	"groundTransform": {
		"rotation": {
			"x": 0,
			"y": 0,
			"z": 90
		},
		"origin": {
			"x": 0.5,
			"y": 0.5,
			"z": 0.5299
		},
		"scale": 3.04
	}
}