{
    "code": "terrarium",
    "class": "BlockTerrarium",
    "shape": {"base": "bugcatching:block/terrarium"},
    "creativeinventory": {"general": ["*"]},
    "blockmaterial": "Wood",
    "drawtype": "json",
    "replaceable": 900,
    "lightabsorbtion": 0,
    "textures": {
        "glass": { "base": "bugcatching:block/terrarium/glass"},
        "lid": { "base": "bugcatching:block/terrarium/lid"},
        "soil": { "base": "bugcatching:block/terrarium/soil"}
    },
    "resistance": 0.25,
    "sideopaque": { "all": false },
	"sideao": { "all": true },
	"emitsideao": { "all": false },
	"sidesolid": { "all": false },
    "heldTpIdleAnimation": "holdbothhandslarge",
    "heldTpUseAnimation": "twohandplaceblock"
}