{
    "code": "terrarium",
    "class": "BlockTerrarium",
    "shape": {"base": "bugcatching:block/terrarium"},
    "creativeinventory": {"general": ["*"]},
    "blockmaterial": "Glass",
    "drawtype": "json",
    "replaceable": 900,
    "lightabsorbtion": 0,
    "textures": {
        "glass": { "base": "bugcatching:block/terrarium/glass"},
        "lid": { "base": "bugcatching:block/terrarium/lid"},
        "soil": { "base": "bugcatching:block/terrarium/soil"}
    },
    "resistance": 0.25,
    "sideopaque": { "all": false },
	"sideao": { "all": true },
	"emitsideao": { "all": false },
	"sidesolid": { "all": false },
    "heldTpIdleAnimation": "holdbothhandslarge",
    "heldTpUseAnimation": "twohandplaceblock",

    "collisionBoxes": [
		{ "x1": 0.9375, "y1": 0.0625, "z1": 0.375, "x2": 1, "y2": 0.9375, "z2": 0.625 },
		{ "x1": 0.9375, "y1": 0.0625, "z1": 0.25, "x2": 0.875, "y2": 0.9375, "z2": 0.375 },
		{ "x1": 0.875, "y1": 0.0625, "z1": 0.25, "x2": 0.8125, "y2": 0.9375, "z2": 0.1875 },
		{ "x1": 0.8125, "y1": 0.0625, "z1": 0.1875, "x2": 0.75, "y2": 0.9375, "z2": 0.125 },
		{ "x1": 0.75, "y1": 0.0625, "z1": 0.125, "x2": 0.625, "y2": 0.9375, "z2": 0.0625 },
		{ "x1": 0.625, "y1": 0.0625, "z1": 0.0625, "x2": 0.375, "y2": 0.9375, "z2": 0 },
        { "x1": 0.9375, "y1": 0.0625, "z1": 0.75, "x2": 0.875, "y2": 0.9375, "z2": 0.625 },
        { "x1": 0.875, "y1": 0.0625, "z1": 0.8125, "x2": 0.8125, "y2": 0.9375, "z2": 0.75 },
        { "x1": 0.8125, "y1": 0.0625, "z1": 0.875, "x2": 0.75, "y2": 0.9375, "z2": 0.8125 },
        { "x1": 0.75, "y1": 0.0625, "z1": 0.9375, "x2": 0.625, "y2": 0.9375, "z2": 0.875 },
        { "x1": 0.625, "y1": 0.0625, "z1": 1, "x2": 0.375, "y2": 0.9375, "z2": 0.9375 },
        { "x1": 0.25, "y1": 0.0625, "z1": 0.875, "x2": 0.375, "y2": 0.9375, "z2": 0.9375 },
        { "x1": 0.25, "y1": 0.0625, "z1": 0.875, "x2": 0.1875, "y2": 0.9375, "z2": 0.8125 },
        { "x1": 0.1875, "y1": 0.0625, "z1": 0.8125, "x2": 0.125, "y2": 0.9375, "z2": 0.75 },
        { "x1": 0.125, "y1": 0.0625, "z1": 0.75, "x2": 0.0625, "y2": 0.9375, "z2": 0.625 },
        { "x1": 0.0625, "y1": 0.0625, "z1": 0.625, "x2": 0, "y2": 0.9375, "z2": 0.375 },
        { "x1": 0.25, "y1": 0.0625, "z1": 0.0625, "x2": 0.375, "y2": 0.9375, "z2": 0.125 },
        { "x1": 0.25, "y1": 0.0625, "z1": 0.125, "x2": 0.1875, "y2": 0.9375, "z2": 0.1875 },
        { "x1": 0.1875, "y1": 0.0625, "z1": 0.1875, "x2": 0.125, "y2": 0.9375, "z2": 0.25 },
        { "x1": 0.125, "y1": 0.0625, "z1": 0.25, "x2": 0.0625, "y2": 0.9375, "z2": 0.375 },
        { "x1": 0.625, "y1": 0, "z1": 0.0625, "x2": 0.375, "y2": 0.1875, "z2": 0.9375 },
        { "x1": 0.375, "y1": 0, "z1": 0.875, "x2": 0.25, "y2": 0.1875, "z2": 0.125 },
        { "x1": 0.25, "y1": 0, "z1": 0.1875, "x2": 0.1875, "y2": 0.1875, "z2": 0.8125 },
        { "x1": 0.1875, "y1": 0, "z1": 0.75, "x2": 0.125, "y2": 0.1875, "z2": 0.25 },
        { "x1": 0.125, "y1": 0, "z1": 0.625, "x2": 0.0625, "y2": 0.1875, "z2": 0.375 },
        { "x1": 0.625, "y1": 0, "z1": 0.125, "x2": 0.75, "y2": 0.1875, "z2": 0.875 },
        { "x1": 0.8125, "y1": 0, "z1": 0.8125, "x2": 0.75, "y2": 0.1875, "z2": 0.1875 },
        { "x1": 0.875, "y1": 0, "z1": 0.75, "x2": 0.8125, "y2": 0.1875, "z2": 0.25 },
        { "x1": 0.375, "y1": 0.75, "z1": 0.0625, "x2": 0.625, "y2": 0.8125, "z2": 0.125 },
        { "x1": 0.375, "y1": 0.75, "z1": 0.1875, "x2": 0.25, "y2": 0.8125, "z2": 0.125 },
        { "x1": 0.25, "y1": 0.75, "z1": 0.25, "x2": 0.1875, "y2": 0.8125, "z2": 0.1875 },
        { "x1": 0.1875, "y1": 0.75, "z1": 0.375, "x2": 0.125, "y2": 0.8125, "z2": 0.25 },
        { "x1": 0.125, "y1": 0.75, "z1": 0.625, "x2": 0.0625, "y2": 0.8125, "z2": 0.375 },
        { "x1": 0.375, "y1": 0.75, "z1": 0.9375, "x2": 0.625, "y2": 0.8125, "z2": 0.875 },
        { "x1": 0.375, "y1": 0.75, "z1": 0.875, "x2": 0.25, "y2": 0.8125, "z2": 0.8125 },
        { "x1": 0.25, "y1": 0.75, "z1": 0.8125, "x2": 0.1875, "y2": 0.8125, "z2": 0.75 },
        { "x1": 0.1875, "y1": 0.75, "z1": 0.75, "x2": 0.125, "y2": 0.8125, "z2": 0.625 },
        { "x1": 0.625, "y1": 0.75, "z1": 0.8125, "x2": 0.75, "y2": 0.8125, "z2": 0.875 },
        { "x1": 0.8125, "y1": 0.75, "z1": 0.8125, "x2": 0.75, "y2": 0.8125, "z2": 0.75 },
        { "x1": 0.875, "y1": 0.75, "z1": 0.75, "x2": 0.8125, "y2": 0.8125, "z2": 0.625 },
        { "x1": 0.875, "y1": 0.75, "z1": 0.625, "x2": 0.9375, "y2": 0.8125, "z2": 0.375 },
        { "x1": 0.8125, "y1": 0.75, "z1": 0.375, "x2": 0.875, "y2": 0.8125, "z2": 0.25 },
        { "x1": 0.8125, "y1": 0.75, "z1": 0.1875, "x2": 0.75, "y2": 0.8125, "z2": 0.25 },
        { "x1": 0.625, "y1": 0.75, "z1": 0.125, "x2": 0.75, "y2": 0.8125, "z2": 0.1875 },
        { "x1": 0.375, "y1": 0.875, "z1": 0.125, "x2": 0.625, "y2": 0.8125, "z2": 0.25 },
        { "x1": 0.75, "y1": 0.8125, "z1": 0.3125, "x2": 0.625, "y2": 0.875, "z2": 0.1875 },
        { "x1": 0.8125, "y1": 0.8125, "z1": 0.375, "x2": 0.6875, "y2": 0.875, "z2": 0.25 },
        { "x1": 0.875, "y1": 0.8125, "z1": 0.625, "x2": 0.75, "y2": 0.875, "z2": 0.375 },
        { "x1": 0.8125, "y1": 0.8125, "z1": 0.75, "x2": 0.6875, "y2": 0.875, "z2": 0.625 },
        { "x1": 0.75, "y1": 0.8125, "z1": 0.8125, "x2": 0.625, "y2": 0.875, "z2": 0.6875 },
        { "x1": 0.375, "y1": 0.8125, "z1": 0.75, "x2": 0.625, "y2": 0.875, "z2": 0.875 },
        { "x1": 0.375, "y1": 0.8125, "z1": 0.8125, "x2": 0.25, "y2": 0.875, "z2": 0.6875 },
        { "x1": 0.3125, "y1": 0.8125, "z1": 0.75, "x2": 0.1875, "y2": 0.875, "z2": 0.625 },
        { "x1": 0.25, "y1": 0.8125, "z1": 0.625, "x2": 0.125, "y2": 0.875, "z2": 0.375 },
        { "x1": 0.3125, "y1": 0.8125, "z1": 0.375, "x2": 0.1875, "y2": 0.875, "z2": 0.25 },
        { "x1": 0.375, "y1": 0.8125, "z1": 0.3125, "x2": 0.25, "y2": 0.875, "z2": 0.1875 },
        { "x1": 0, "y1": 0.875, "z1": 0.375, "x2": 0.0625, "y2": 0.9375, "z2": 0.625 },
        { "x1": 0.125, "y1": 0.875, "z1": 0.75, "x2": 0.0625, "y2": 0.9375, "z2": 0.25 },
        { "x1": 0.1875, "y1": 0.875, "z1": 0.8125, "x2": 0.125, "y2": 0.9375, "z2": 0.1875 },
        { "x1": 0.25, "y1": 0.875, "z1": 0.875, "x2": 0.1875, "y2": 0.9375, "z2": 0.125 },
        { "x1": 0.375, "y1": 0.875, "z1": 0.9375, "x2": 0.25, "y2": 0.9375, "z2": 0.0625 },
        { "x1": 0.625, "y1": 0.875, "z1": 1, "x2": 0.375, "y2": 0.9375, "z2": 0 },
        { "x1": 0.625, "y1": 0.875, "z1": 0.0625, "x2": 0.75, "y2": 0.9375, "z2": 0.9375 },
        { "x1": 0.8125, "y1": 0.875, "z1": 0.875, "x2": 0.75, "y2": 0.9375, "z2": 0.125 },
        { "x1": 0.875, "y1": 0.875, "z1": 0.8125, "x2": 0.8125, "y2": 0.9375, "z2": 0.1875 },
        { "x1": 0.9375, "y1": 0.875, "z1": 0.75, "x2": 0.875, "y2": 0.9375, "z2": 0.25 },
        { "x1": 1, "y1": 0.875, "z1": 0.625, "x2": 0.9375, "y2": 0.9375, "z2": 0.375 },
        { "x1": 0.625, "y1": 0.9375, "z1": 0.1875, "x2": 0.75, "y2": 1, "z2": 0.8125 },
        { "x1": 0.8125, "y1": 0.9375, "z1": 0.75, "x2": 0.75, "y2": 1, "z2": 0.25 },
        { "x1": 0.875, "y1": 0.9375, "z1": 0.625, "x2": 0.8125, "y2": 1, "z2": 0.375 },
        { "x1": 0.375, "y1": 0.9375, "z1": 0.875, "x2": 0.625, "y2": 1, "z2": 0.125 },
        { "x1": 0.25, "y1": 0.9375, "z1": 0.8125, "x2": 0.375, "y2": 1, "z2": 0.1875 },
        { "x1": 0.25, "y1": 0.9375, "z1": 0.75, "x2": 0.1875, "y2": 1, "z2": 0.25 },
        { "x1": 0.125, "y1": 0.9375, "z1": 0.375, "x2": 0.1875, "y2": 1, "z2": 0.625 }
    ]
}