{
	"editor": {
		"backDropShape": "entity/humanoid/seraph",
		"allAngles": true,
		"entityTextureMode": false
	},
	"textureWidth": 16,
	"textureHeight": 16,
	"textureSizes": {
		"metal": [16,16],
		"gem": [16,16]
	},
	"textures": {
	},
	"elements": [
		{
			"name": "origin",
			"stepParentName": "LowerArmR",
			"from": [ -1.47, 2.0, -2.44 ], 
			"to": [ -1.47, 2.0, -2.44 ], 
			"rotationOrigin": [ 3.9904, 1.7564, 0.4644 ],
			"rotationX": 1.5,
			"rotationZ": -1.0,
			"faces": {
				"north": { "texture": "#null", "uv": [ 0.0, 0.5, 0.5, 1.0 ], "enabled": false },
				"east": { "texture": "#null", "uv": [ 0.5, 0.5, 1.0, 1.0 ], "enabled": false },
				"south": { "texture": "#null", "uv": [ 1.0, 0.5, 1.5, 1.0 ], "enabled": false },
				"west": { "texture": "#null", "uv": [ 1.5, 0.5, 2.0, 1.0 ], "enabled": false },
				"up": { "texture": "#null", "uv": [ 0.0, 0.0, 0.5, 0.5 ], "enabled": false },
				"down": { "texture": "#null", "uv": [ 0.5, 0.0, 1.0, 0.5 ], "enabled": false }
			},
			"children": [
				{
					"name": "Bracelet",
					"from": [ 1.44, 0.0, 4.66 ], 
					"to": [ 3.95, 1.7919, 5.0184 ], 
					"rotationOrigin": [ -1.0752, 0.0, 4.659 ],
					"faces": {
						"north": { "texture": "#metal", "uv": [ 0.0, 1.0, 2.5, 2.5 ] },
						"east": { "texture": "#metal", "uv": [ 9.0, 1.0, 9.5, 2.5 ] },
						"south": { "texture": "#metal", "uv": [ 10.0, 1.0, 12.5, 2.5 ] },
						"west": { "texture": "#metal", "uv": [ 19.0, 1.0, 19.5, 2.5 ] },
						"up": { "texture": "#metal", "uv": [ 0.0, 0.0, 2.5, 0.5 ] },
						"down": { "texture": "#metal", "uv": [ 9.0, 0.0, 11.5, 0.5 ] }
					},
					"children": [
						{
							"name": "Cube2",
							"from": [ -0.36, 0.0, -2.87 ], 
							"to": [ -0.0016, 1.7919, 0.36 ], 
							"rotationOrigin": [ -0.36, 0.0, -2.8671 ],
							"rotationX": 0.0,
							"rotationY": 0.0,
							"rotationZ": 0.0,
							"faces": {
								"north": { "texture": "#metal", "uv": [ 0.0, 0.0, 0.5, 1.5 ] },
								"east": { "texture": "#metal", "uv": [ 0.0, 0.0, 3.0, 1.5 ] },
								"south": { "texture": "#metal", "uv": [ 0.0, 0.0, 0.5, 1.5 ] },
								"west": { "texture": "#metal", "uv": [ 0.0, 0.0, 3.0, 1.5 ] },
								"up": { "texture": "#metal", "uv": [ 0.0, 0.0, 0.5, 3.0 ] },
								"down": { "texture": "#metal", "uv": [ 0.0, 0.0, 0.5, 3.0 ] }
							}
						},
						{
							"name": "Cube3",
							"from": [ 2.5071, 0.0, -2.8671 ], 
							"to": [ 2.8655, 1.7919, 0.3629 ], 
							"rotationOrigin": [ 2.5071, 0.0, -2.8671 ],
							"rotationX": 0.0,
							"rotationY": 0.0,
							"rotationZ": 0.0,
							"faces": {
								"north": { "texture": "#metal", "uv": [ 0.0, 0.0, 0.5, 1.5 ] },
								"east": { "texture": "#metal", "uv": [ 0.0, 0.0, 3.0, 1.5 ] },
								"south": { "texture": "#metal", "uv": [ 0.0, 0.0, 0.5, 1.5 ] },
								"west": { "texture": "#metal", "uv": [ 0.0, 0.0, 3.0, 1.5 ] },
								"up": { "texture": "#metal", "uv": [ 0.0, 0.0, 0.5, 3.0 ] },
								"down": { "texture": "#metal", "uv": [ 0.0, 0.0, 0.5, 3.0 ] }
							}
						},
						{
							"name": "Cube4",
							"from": [ -0.0016, 0.0, -2.8671 ], 
							"to": [ 0.7152, 1.7919, -2.5087 ], 
							"rotationOrigin": [ -0.0016, 0.0, -2.8671 ],
							"rotationX": 0.0,
							"rotationY": 0.0,
							"rotationZ": 0.0,
							"faces": {
								"north": { "texture": "#metal", "uv": [ 0.0, 0.0, 0.7168, 1.7919 ] },
								"east": { "texture": "#metal", "uv": [ 0.0, 0.0, 0.3584, 1.7919 ] },
								"south": { "texture": "#metal", "uv": [ 0.0, 0.0, 0.7168, 1.7919 ] },
								"west": { "texture": "#metal", "uv": [ 0.0, 0.0, 0.3584, 1.7919 ] },
								"up": { "texture": "#metal", "uv": [ 0.0, 0.0, 0.7168, 0.3584 ] },
								"down": { "texture": "#metal", "uv": [ 0.0, 0.0, 0.7168, 0.3584 ] }
							}
						},
						{
							"name": "Cube5",
							"from": [ 1.7903, 0.0, -2.8671 ], 
							"to": [ 2.5071, 1.7919, -2.5087 ], 
							"rotationOrigin": [ 1.7903, 0.0, -2.8671 ],
							"rotationX": 0.0,
							"rotationY": 0.0,
							"rotationZ": 0.0,
							"faces": {
								"north": { "texture": "#metal", "uv": [ 0.0, 0.0, 0.7168, 1.7919 ] },
								"east": { "texture": "#metal", "uv": [ 0.0, 0.0, 0.3584, 1.7919 ] },
								"south": { "texture": "#metal", "uv": [ 0.0, 0.0, 0.7168, 1.7919 ] },
								"west": { "texture": "#metal", "uv": [ 0.0, 0.0, 0.3584, 1.7919 ] },
								"up": { "texture": "#metal", "uv": [ 0.0, 0.0, 0.7168, 0.3584 ] },
								"down": { "texture": "#metal", "uv": [ 0.0, 0.0, 0.7168, 0.3584 ] }
							}
						},
						{
							"name": "Cube6",
							"from": [ 0.7152, 0.0, -2.8671 ], 
							"to": [ 1.7903, 0.3584, -2.5087 ], 
							"rotationOrigin": [ 0.7152, 0.0, -2.8671 ],
							"rotationX": 0.0,
							"rotationY": 0.0,
							"rotationZ": 0.0,
							"faces": {
								"north": { "texture": "#metal", "uv": [ 0.0, 0.0, 1.0752, 0.3584 ] },
								"east": { "texture": "#metal", "uv": [ 0.0, 0.0, 0.3584, 0.3584 ] },
								"south": { "texture": "#metal", "uv": [ 0.0, 0.0, 1.0752, 0.3584 ] },
								"west": { "texture": "#metal", "uv": [ 0.0, 0.0, 0.3584, 0.3584 ] },
								"up": { "texture": "#metal", "uv": [ 0.0, 0.0, 1.0752, 0.3584 ] },
								"down": { "texture": "#metal", "uv": [ 0.0, 0.0, 1.0752, 0.3584 ] }
							}
						},
						{
							"name": "Cube7",
							"from": [ 0.7152, 1.4336, -2.8671 ], 
							"to": [ 1.7903, 1.7919, -2.5087 ], 
							"rotationOrigin": [ 0.7152, 1.4336, -2.8671 ],
							"rotationX": 0.0,
							"rotationY": 0.0,
							"rotationZ": 0.0,
							"faces": {
								"north": { "texture": "#metal", "uv": [ 0.0, 0.0, 1.0752, 0.3584 ] },
								"east": { "texture": "#metal", "uv": [ 0.0, 0.0, 0.3584, 0.3584 ] },
								"south": { "texture": "#metal", "uv": [ 0.0, 0.0, 1.0752, 0.3584 ] },
								"west": { "texture": "#metal", "uv": [ 0.0, 0.0, 0.3584, 0.3584 ] },
								"up": { "texture": "#metal", "uv": [ 0.0, 0.0, 1.0752, 0.3584 ] },
								"down": { "texture": "#metal", "uv": [ 0.0, 0.0, 1.0752, 0.3584 ] }
							}
						},
						{
							"name": "Cube8",
							"from": [ 0.7152, 0.3584, -2.6162 ], 
							"to": [ 1.7903, 1.4336, -2.5087 ], 
							"rotationOrigin": [ 0.7152, 0.3584, -2.8671 ],
							"rotationX": 0.0,
							"rotationY": 0.0,
							"rotationZ": 0.0,
							"faces": {
								"north": { "texture": "#metal", "uv": [ 0.0, 0.5, 1.0752, 1.5752 ] },
								"east": { "texture": "#metal", "uv": [ 3.0, 0.5, 3.1792, 1.5752 ] },
								"south": { "texture": "#metal", "uv": [ 3.5, 0.5, 4.5752, 1.5752 ] },
								"west": { "texture": "#metal", "uv": [ 6.5, 0.5, 6.6792, 1.5752 ] },
								"up": { "texture": "#metal", "uv": [ 0.0, 0.0, 1.0752, 0.1792 ] },
								"down": { "texture": "#metal", "uv": [ 3.0, 0.0, 4.0752, 0.1792 ] }
							}
						}
					]
				},
				{
					"name": "Gem",
					"from": [ 2.1503, 0.3584, 1.6844 ], 
					"to": [ 3.2255, 1.4336, 2.0428 ], 
					"rotationOrigin": [ 2.1503, 0.3584, 1.7919 ],
					"faces": {
						"north": { "texture": "#gem", "uv": [ 0.0, 1.0, 1.0752, 2.0752 ] },
						"east": { "texture": "#gem", "uv": [ 3.0, 1.0, 3.3584, 2.0752 ] },
						"south": { "texture": "#gem", "uv": [ 4.0, 1.0, 5.0752, 2.0752 ] },
						"west": { "texture": "#gem", "uv": [ 7.0, 1.0, 7.3584, 2.0752 ] },
						"up": { "texture": "#gem", "uv": [ 0.0, 0.0, 1.0752, 0.3584 ] },
						"down": { "texture": "#gem", "uv": [ 3.0, 0.0, 4.0752, 0.3584 ] }
					}
				}
			]
		}
	]}